iter,train_loss,lr,mfu,dt_ms,tokens_seen
0,10.9462,3.992016e-05,-1.0000,22985.81,0
10,10.7893,4.391218e-04,0.0064,4213.70,327680
20,10.4771,8.383234e-04,0.0064,4511.81,655360
30,9.9843,1.237525e-03,0.0063,4552.37,983040
40,9.5418,1.636727e-03,0.0063,4548.50,1310720
50,9.0526,2.035928e-03,0.0063,4569.09,1638400
60,8.6757,2.435130e-03,0.0062,4561.57,1966080
70,8.3322,2.834331e-03,0.0062,4545.56,2293760
80,8.0430,3.233533e-03,0.0062,4548.70,2621440
90,7.6278,3.632735e-03,0.0062,4546.69,2949120
100,7.2885,4.031936e-03,0.0056,25528.96,3276800
110,7.5317,4.431138e-03,0.0057,4560.45,3604480
120,7.0175,4.830339e-03,0.0057,4547.88,3932160
130,6.9550,5.229541e-03,0.0057,4551.74,4259840
140,6.8414,5.628743e-03,0.0057,4552.65,4587520
150,6.8346,6.027944e-03,0.0058,4577.41,4915200
160,6.7121,6.427146e-03,0.0058,4550.23,5242880
170,6.9560,6.826347e-03,0.0058,4564.84,5570560
180,6.5557,7.225549e-03,0.0058,4556.16,5898240
190,6.1015,7.624750e-03,0.0058,4562.85,6225920
200,6.4391,8.023952e-03,0.0053,25683.58,6553600
210,6.2324,8.423154e-03,0.0054,4565.78,6881280
220,6.0048,8.822355e-03,0.0055,4566.94,7208960
230,6.4371,9.221557e-03,0.0055,4557.04,7536640
240,6.2145,9.620758e-03,0.0055,4560.07,7864320
250,6.1133,1.001996e-02,0.0056,4578.39,8192000
260,5.9863,1.041916e-02,0.0056,4568.41,8519680
270,5.8770,1.081836e-02,0.0056,4566.73,8847360
280,5.8286,1.121756e-02,0.0057,4572.36,9175040
290,5.9317,1.161677e-02,0.0057,4559.38,9502720
300,5.9755,1.201597e-02,0.0052,25615.65,9830400
310,6.0945,1.241517e-02,0.0053,4582.30,10158080
320,6.3232,1.281437e-02,0.0054,4547.35,10485760
330,5.7629,1.321357e-02,0.0054,4554.82,10813440
340,6.0661,1.361277e-02,0.0055,4558.91,11141120
350,6.1070,1.401198e-02,0.0055,4548.40,11468800
360,6.0290,1.441118e-02,0.0056,4552.23,11796480
370,5.7541,1.481038e-02,0.0056,4554.51,12124160
380,6.1868,1.520958e-02,0.0056,4551.83,12451840
390,5.8942,1.560878e-02,0.0057,4571.86,12779520
400,5.9679,1.600798e-02,0.0052,25664.94,13107200
410,5.8472,1.640719e-02,0.0053,4560.80,13434880
420,5.5849,1.680639e-02,0.0053,4548.73,13762560
430,5.9049,1.720559e-02,0.0054,4558.85,14090240
440,5.8483,1.760479e-02,0.0055,4555.73,14417920
450,5.7377,1.800399e-02,0.0055,4578.30,14745600
460,5.7432,1.840319e-02,0.0055,4567.46,15073280
470,5.6500,1.880240e-02,0.0056,4547.05,15400960
480,5.8661,1.920160e-02,0.0056,4569.45,15728640
490,5.7774,1.960080e-02,0.0057,4545.56,16056320
500,5.5275,2.000000e-02,0.0052,25737.79,16384000
510,5.9363,1.999995e-02,0.0053,4573.49,16711680
520,5.4387,1.999978e-02,0.0053,4551.14,17039360
530,5.3543,1.999951e-02,0.0054,4564.68,17367040
540,5.5551,1.999914e-02,0.0054,4573.81,17694720
550,5.5331,1.999865e-02,0.0055,4545.95,18022400
560,5.6106,1.999806e-02,0.0055,4548.54,18350080
570,5.6737,1.999736e-02,0.0056,4563.59,18677760
580,5.7187,1.999655e-02,0.0056,4563.01,19005440
590,5.4282,1.999563e-02,0.0056,4550.32,19333120
600,5.4482,1.999461e-02,0.0052,25717.18,19660800
610,5.2335,1.999347e-02,0.0053,4570.04,19988480
620,5.3194,1.999223e-02,0.0053,4533.71,20316160
630,5.6265,1.999088e-02,0.0054,4570.28,20643840
640,5.5422,1.998943e-02,0.0054,4546.84,20971520
650,5.3697,1.998786e-02,0.0055,4554.15,21299200
660,5.3116,1.998619e-02,0.0055,4552.26,21626880
670,5.6692,1.998441e-02,0.0056,4559.83,21954560
680,5.2562,1.998253e-02,0.0056,4553.61,22282240
690,5.2799,1.998053e-02,0.0056,4557.49,22609920
700,5.4403,1.997843e-02,0.0052,25717.32,22937600
710,5.4187,1.997622e-02,0.0053,4587.31,23265280
720,5.2999,1.997390e-02,0.0053,4533.97,23592960
730,5.3215,1.997148e-02,0.0054,4566.00,23920640
740,6.4093,1.996894e-02,0.0054,4558.82,24248320
750,6.0823,1.996630e-02,0.0055,4552.82,24576000
760,5.3328,1.996355e-02,0.0055,4558.00,24903680
770,5.3909,1.996070e-02,0.0056,4566.54,25231360
780,5.4200,1.995774e-02,0.0056,4562.05,25559040
790,4.9222,1.995467e-02,0.0056,4558.90,25886720
800,5.4412,1.995149e-02,0.0052,25763.38,26214400
810,5.4679,1.994820e-02,0.0053,4577.62,26542080
820,5.2483,1.994481e-02,0.0053,4559.59,26869760
830,5.2796,1.994131e-02,0.0054,4559.28,27197440
840,4.9787,1.993770e-02,0.0054,4554.18,27525120
850,5.5391,1.993399e-02,0.0055,4554.19,27852800
860,5.6815,1.993017e-02,0.0055,4572.98,28180480
870,5.1694,1.992624e-02,0.0056,4566.70,28508160
880,5.3131,1.992220e-02,0.0056,4562.80,28835840
890,5.3497,1.991806e-02,0.0056,4541.14,29163520
900,5.2108,1.991381e-02,0.0052,25692.32,29491200
910,5.2067,1.990945e-02,0.0053,4569.83,29818880
920,4.9737,1.990499e-02,0.0053,4561.62,30146560
930,4.7971,1.990042e-02,0.0054,4568.46,30474240
940,4.8242,1.989574e-02,0.0054,4559.40,30801920
950,4.7390,1.989096e-02,0.0055,4552.26,31129600
960,5.3936,1.988607e-02,0.0055,4558.49,31457280
970,5.3446,1.988107e-02,0.0056,4570.74,31784960
980,5.2054,1.987597e-02,0.0056,4559.53,32112640
990,4.9860,1.987076e-02,0.0056,4561.13,32440320
1000,5.0530,1.986544e-02,0.0052,25742.84,32768000
1010,5.0623,1.986002e-02,0.0053,4553.59,33095680
1020,4.9504,1.985449e-02,0.0053,4566.75,33423360
1030,4.9180,1.984885e-02,0.0054,4553.07,33751040
1040,4.7873,1.984311e-02,0.0054,4552.87,34078720
1050,5.1270,1.983726e-02,0.0055,4552.47,34406400
1060,4.9495,1.983130e-02,0.0055,4555.70,34734080
1070,4.8463,1.982524e-02,0.0056,4577.59,35061760
1080,5.1667,1.981908e-02,0.0056,4554.07,35389440
1090,4.9857,1.981280e-02,0.0056,4573.75,35717120
1100,5.1803,1.980642e-02,0.0052,25617.99,36044800
1110,4.9766,1.979994e-02,0.0053,4575.52,36372480
1120,5.1750,1.979335e-02,0.0053,4547.22,36700160
1130,5.0826,1.978665e-02,0.0054,4566.59,37027840
1140,4.6643,1.977985e-02,0.0054,4551.71,37355520
1150,5.0654,1.977295e-02,0.0055,4565.62,37683200
1160,4.8661,1.976593e-02,0.0055,4554.84,38010880
1170,4.7322,1.975882e-02,0.0056,4556.03,38338560
1180,5.1708,1.975159e-02,0.0056,4559.65,38666240
1190,4.7230,1.974426e-02,0.0056,4552.00,38993920
1200,5.0499,1.973683e-02,0.0052,25735.94,39321600
1210,4.8825,1.972929e-02,0.0053,4566.43,39649280
1220,5.0037,1.972165e-02,0.0053,4567.02,39976960
1230,5.1657,1.971390e-02,0.0054,4570.50,40304640
1240,5.0878,1.970605e-02,0.0054,4567.97,40632320
1250,4.8157,1.969809e-02,0.0055,4564.86,40960000
1260,4.8413,1.969003e-02,0.0055,4569.62,41287680
1270,4.8102,1.968186e-02,0.0056,4561.25,41615360
1280,4.6440,1.967359e-02,0.0056,4561.60,41943040
1290,5.0559,1.966521e-02,0.0056,4551.20,42270720
1300,4.7271,1.965673e-02,0.0052,25616.85,42598400
1310,5.0959,1.964815e-02,0.0053,4557.64,42926080
1320,4.7543,1.963946e-02,0.0053,4566.84,43253760
1330,4.9274,1.963067e-02,0.0054,4552.07,43581440
1340,4.8716,1.962177e-02,0.0054,4573.12,43909120
1350,5.1091,1.961277e-02,0.0055,4563.74,44236800
1360,4.5492,1.960367e-02,0.0055,4567.29,44564480
1370,4.8036,1.959446e-02,0.0056,4552.19,44892160
1380,4.7679,1.958515e-02,0.0056,4567.72,45219840
1390,5.1012,1.957574e-02,0.0056,4577.99,45547520
1400,4.9683,1.956622e-02,0.0052,25639.66,45875200
1410,4.8693,1.955660e-02,0.0053,4559.53,46202880
1420,5.1127,1.954688e-02,0.0053,4569.19,46530560
1430,4.9876,1.953705e-02,0.0054,4570.61,46858240
1440,4.7486,1.952712e-02,0.0054,4565.10,47185920
1450,5.1452,1.951709e-02,0.0055,4553.68,47513600
1460,4.8933,1.950695e-02,0.0055,4563.90,47841280
1470,4.7336,1.949672e-02,0.0056,4555.74,48168960
1480,5.0562,1.948638e-02,0.0056,4556.05,48496640
1490,4.6244,1.947593e-02,0.0056,4551.25,48824320
1500,4.7907,1.946539e-02,0.0052,25623.80,49152000
1510,4.6120,1.945474e-02,0.0053,4572.72,49479680
1520,4.7172,1.944399e-02,0.0053,4565.04,49807360
1530,4.7415,1.943314e-02,0.0054,4570.13,50135040
1540,5.0316,1.942219e-02,0.0054,4572.36,50462720
1550,4.6799,1.941114e-02,0.0055,4568.29,50790400
1560,4.8017,1.939998e-02,0.0055,4567.37,51118080
1570,4.8771,1.938872e-02,0.0056,4574.57,51445760
1580,4.7936,1.937737e-02,0.0056,4566.28,51773440
1590,4.7440,1.936591e-02,0.0056,4567.59,52101120
1600,4.9944,1.935435e-02,0.0052,25155.90,52428800
1610,4.6247,1.934269e-02,0.0053,4559.91,52756480
1620,4.7854,1.933092e-02,0.0053,4560.86,53084160
1630,4.7759,1.931906e-02,0.0054,4555.84,53411840
1640,4.1666,1.930710e-02,0.0054,4553.58,53739520
1650,4.6927,1.929503e-02,0.0055,4563.17,54067200
1660,4.7748,1.928287e-02,0.0055,4553.52,54394880
1670,4.9994,1.927061e-02,0.0056,4549.73,54722560
1680,5.0252,1.925824e-02,0.0056,4569.86,55050240
1690,4.6900,1.924578e-02,0.0056,4550.89,55377920
1700,4.7079,1.923322e-02,0.0052,25623.15,55705600
1710,4.7564,1.922055e-02,0.0053,4567.06,56033280
1720,4.7403,1.920779e-02,0.0053,4569.69,56360960
1730,4.8275,1.919493e-02,0.0054,4567.96,56688640
1740,4.8740,1.918197e-02,0.0054,4555.25,57016320
1750,4.8739,1.916891e-02,0.0055,4568.66,57344000
1760,4.9004,1.915575e-02,0.0055,4567.20,57671680
1770,4.6846,1.914249e-02,0.0056,4556.48,57999360
1780,4.7122,1.912913e-02,0.0056,4551.20,58327040
1790,4.9738,1.911568e-02,0.0056,4552.71,58654720
1800,4.8114,1.910212e-02,0.0052,25131.47,58982400
1810,4.6476,1.908847e-02,0.0053,4561.22,59310080
1820,4.8858,1.907472e-02,0.0053,4547.47,59637760
1830,4.6979,1.906088e-02,0.0054,4568.69,59965440
1840,4.9069,1.904693e-02,0.0054,4561.71,60293120
1850,4.7101,1.903289e-02,0.0055,4553.45,60620800
1860,4.6657,1.901875e-02,0.0055,4570.82,60948480
1870,4.7877,1.900451e-02,0.0056,4558.17,61276160
1880,4.9254,1.899018e-02,0.0056,4564.05,61603840
1890,5.0228,1.897575e-02,0.0056,4571.30,61931520
1900,4.8564,1.896122e-02,0.0052,25630.11,62259200
1910,5.0175,1.894659e-02,0.0053,4569.78,62586880
1920,4.8255,1.893187e-02,0.0053,4553.11,62914560
1930,4.8231,1.891705e-02,0.0054,4569.35,63242240
1940,4.9286,1.890214e-02,0.0054,4558.58,63569920
1950,4.5768,1.888713e-02,0.0055,4547.28,63897600
1960,4.5016,1.887203e-02,0.0055,4565.01,64225280
1970,4.8472,1.885682e-02,0.0056,4554.48,64552960
1980,4.6885,1.884153e-02,0.0056,4557.27,64880640
1990,4.7885,1.882613e-02,0.0056,4567.89,65208320
2000,4.8342,1.881065e-02,0.0052,25611.26,65536000
2010,4.8320,1.879506e-02,0.0053,4568.90,65863680
2020,4.6844,1.877939e-02,0.0053,4551.40,66191360
2030,4.9065,1.876362e-02,0.0054,4557.56,66519040
2040,4.6355,1.874775e-02,0.0054,4568.10,66846720
2050,4.7672,1.873179e-02,0.0055,4566.84,67174400
2060,5.0125,1.871573e-02,0.0055,4560.27,67502080
2070,4.6697,1.869958e-02,0.0056,4573.74,67829760
2080,4.2674,1.868334e-02,0.0056,4573.83,68157440
2090,4.8679,1.866701e-02,0.0056,4568.28,68485120
2100,4.7663,1.865058e-02,0.0052,25641.80,68812800
2110,4.5218,1.863405e-02,0.0053,4559.88,69140480
2120,4.8332,1.861744e-02,0.0053,4558.54,69468160
2130,4.8300,1.860073e-02,0.0054,4565.76,69795840
2140,4.7970,1.858392e-02,0.0054,4564.04,70123520
2150,4.9818,1.856703e-02,0.0055,4552.15,70451200
2160,4.8275,1.855004e-02,0.0055,4556.56,70778880
2170,5.0394,1.853296e-02,0.0056,4564.14,71106560
2180,4.6772,1.851579e-02,0.0056,4549.73,71434240
2190,4.9311,1.849853e-02,0.0056,4549.50,71761920
2200,4.7892,1.848118e-02,0.0052,25639.86,72089600
2210,4.9866,1.846373e-02,0.0053,4568.98,72417280
2220,4.6816,1.844619e-02,0.0053,4559.66,72744960
2230,4.7778,1.842856e-02,0.0054,4552.27,73072640
2240,4.7655,1.841084e-02,0.0054,4570.29,73400320
2250,4.5531,1.839303e-02,0.0055,4572.82,73728000
2260,5.1239,1.837513e-02,0.0055,4545.34,74055680
2270,4.6225,1.835714e-02,0.0056,4551.48,74383360
2280,4.8382,1.833906e-02,0.0056,4551.67,74711040
2290,4.9721,1.832089e-02,0.0056,4555.37,75038720
2300,5.0145,1.830263e-02,0.0052,25645.30,75366400
2310,4.4355,1.828428e-02,0.0053,4560.18,75694080
2320,4.8963,1.826584e-02,0.0053,4556.35,76021760
2330,4.8736,1.824731e-02,0.0054,4549.42,76349440
2340,4.7621,1.822869e-02,0.0054,4550.75,76677120
2350,4.3476,1.820999e-02,0.0055,4558.93,77004800
2360,4.8443,1.819119e-02,0.0055,4556.66,77332480
2370,4.9604,1.817231e-02,0.0056,4549.83,77660160
2380,4.7361,1.815334e-02,0.0056,4557.18,77987840
2390,4.8795,1.813428e-02,0.0056,4571.04,78315520
2400,4.8104,1.811513e-02,0.0052,25614.27,78643200
2410,4.7608,1.809590e-02,0.0053,4551.67,78970880
2420,4.9786,1.807658e-02,0.0053,4569.46,79298560
2430,4.7898,1.805717e-02,0.0054,4570.22,79626240
2440,4.6434,1.803767e-02,0.0054,4559.76,79953920
2450,4.9418,1.801809e-02,0.0055,4555.30,80281600
2460,4.7878,1.799842e-02,0.0055,4548.94,80609280
2470,4.9361,1.797867e-02,0.0056,4563.04,80936960
2480,4.9251,1.795883e-02,0.0056,4563.68,81264640
2490,4.8002,1.793890e-02,0.0056,4554.54,81592320
2500,5.1293,1.791889e-02,0.0052,25621.60,81920000
2510,4.4077,1.789879e-02,0.0053,4563.88,82247680
2520,4.7761,1.787861e-02,0.0053,4558.55,82575360
2530,4.7489,1.785834e-02,0.0054,4548.10,82903040
2540,4.7891,1.783799e-02,0.0054,4574.28,83230720
2550,4.7909,1.781755e-02,0.0055,4558.09,83558400
2560,4.7247,1.779703e-02,0.0055,4553.48,83886080
2570,4.5261,1.777642e-02,0.0056,4549.90,84213760
2580,4.9428,1.775574e-02,0.0056,4570.21,84541440
2590,4.6487,1.773496e-02,0.0056,4552.18,84869120
2600,4.5792,1.771411e-02,0.0052,25639.73,85196800
2610,4.6717,1.769317e-02,0.0053,4568.18,85524480
2620,4.2984,1.767215e-02,0.0053,4565.85,85852160
2630,4.5962,1.765104e-02,0.0054,4559.62,86179840
2640,4.9944,1.762985e-02,0.0054,4570.31,86507520
2650,4.5807,1.760858e-02,0.0055,4563.19,86835200
2660,4.6920,1.758723e-02,0.0055,4568.19,87162880
2670,4.6634,1.756580e-02,0.0056,4567.11,87490560
2680,4.8245,1.754428e-02,0.0056,4558.02,87818240
2690,4.8096,1.752269e-02,0.0056,4568.44,88145920
2700,5.0635,1.750101e-02,0.0052,25629.02,88473600
2710,4.7413,1.747925e-02,0.0053,4550.55,88801280
2720,4.3956,1.745741e-02,0.0053,4585.25,89128960
2730,5.0402,1.743550e-02,0.0054,4569.66,89456640
2740,4.9628,1.741350e-02,0.0054,4547.76,89784320
2750,4.8288,1.739142e-02,0.0055,4555.49,90112000
2760,4.8307,1.736926e-02,0.0055,4555.58,90439680
2770,4.8113,1.734702e-02,0.0056,4545.08,90767360
2780,4.6146,1.732470e-02,0.0056,4562.70,91095040
2790,4.9434,1.730231e-02,0.0056,4564.99,91422720
2800,4.5295,1.727983e-02,0.0052,25166.06,91750400
2810,4.3779,1.725728e-02,0.0053,4554.87,92078080
2820,4.7409,1.723465e-02,0.0053,4568.21,92405760
2830,4.7102,1.721194e-02,0.0054,4558.45,92733440
2840,4.2423,1.718915e-02,0.0054,4548.75,93061120
2850,4.6576,1.716628e-02,0.0055,4544.17,93388800
2860,4.6842,1.714334e-02,0.0055,4550.48,93716480
2870,4.6542,1.712032e-02,0.0056,4563.21,94044160
2880,4.6422,1.709723e-02,0.0056,4553.57,94371840
2890,4.5255,1.707405e-02,0.0056,4558.37,94699520
2900,4.8577,1.705081e-02,0.0052,25230.16,95027200
2910,4.4871,1.702748e-02,0.0053,4550.64,95354880
2920,4.8945,1.700408e-02,0.0053,4566.21,95682560
2930,4.4083,1.698061e-02,0.0054,4574.67,96010240
2940,4.5235,1.695705e-02,0.0054,4567.53,96337920
2950,4.4858,1.693343e-02,0.0055,4560.49,96665600
2960,4.4230,1.690973e-02,0.0055,4573.96,96993280
2970,4.6621,1.688595e-02,0.0056,4553.78,97320960
2980,4.5290,1.686210e-02,0.0056,4568.36,97648640
2990,4.3748,1.683818e-02,0.0056,4565.15,97976320
3000,4.5528,1.681418e-02,0.0052,25663.98,98304000
3010,4.5308,1.679011e-02,0.0053,4560.75,98631680
3020,4.5687,1.676597e-02,0.0053,4567.75,98959360
3030,4.9210,1.674175e-02,0.0054,4569.44,99287040
3040,4.5650,1.671746e-02,0.0054,4562.54,99614720
3050,4.9026,1.669310e-02,0.0055,4570.18,99942400
3060,4.6234,1.666867e-02,0.0055,4569.01,100270080
3070,4.7295,1.664417e-02,0.0056,4575.75,100597760
3080,4.6816,1.661959e-02,0.0056,4560.05,100925440
3090,4.7089,1.659494e-02,0.0056,4552.96,101253120
3100,4.8131,1.657022e-02,0.0052,25677.86,101580800
3110,4.8395,1.654543e-02,0.0053,4573.34,101908480
3120,4.7789,1.652057e-02,0.0053,4545.51,102236160
3130,4.5265,1.649564e-02,0.0054,4561.07,102563840
3140,4.3908,1.647064e-02,0.0054,4542.40,102891520
3150,4.4240,1.644557e-02,0.0055,4553.38,103219200
3160,4.6070,1.642043e-02,0.0055,4569.81,103546880
3170,4.4227,1.639522e-02,0.0056,4556.02,103874560
3180,4.6765,1.636994e-02,0.0056,4562.44,104202240
3190,4.3734,1.634460e-02,0.0056,4558.23,104529920
3200,4.8155,1.631918e-02,0.0052,25659.49,104857600
3210,4.5757,1.629370e-02,0.0053,4548.60,105185280
3220,4.5482,1.626815e-02,0.0053,4559.56,105512960
3230,4.3027,1.624253e-02,0.0054,4536.47,105840640
3240,4.7676,1.621684e-02,0.0054,4557.40,106168320
3250,4.5548,1.619109e-02,0.0055,4551.79,106496000
3260,4.5621,1.616527e-02,0.0055,4566.56,106823680
3270,4.5553,1.613939e-02,0.0056,4557.29,107151360
3280,4.7572,1.611344e-02,0.0056,4552.84,107479040
3290,4.5977,1.608742e-02,0.0056,4563.10,107806720
3300,4.4378,1.606134e-02,0.0052,25199.28,108134400
3310,4.7588,1.603519e-02,0.0053,4571.96,108462080
3320,4.3929,1.600897e-02,0.0053,4549.11,108789760
3330,4.7533,1.598270e-02,0.0054,4562.52,109117440
3340,4.2995,1.595635e-02,0.0054,4578.20,109445120
3350,4.5795,1.592995e-02,0.0055,4560.54,109772800
3360,4.6147,1.590348e-02,0.0055,4561.15,110100480
3370,4.6348,1.587694e-02,0.0056,4565.67,110428160
3380,4.4417,1.585035e-02,0.0056,4551.24,110755840
3390,4.4413,1.582369e-02,0.0056,4560.16,111083520
3400,4.6922,1.579696e-02,0.0052,25661.46,111411200
3410,4.3881,1.577018e-02,0.0053,4556.79,111738880
3420,4.4998,1.574333e-02,0.0053,4550.22,112066560
3430,4.3588,1.571642e-02,0.0054,4542.55,112394240
3440,4.2204,1.568945e-02,0.0054,4558.84,112721920
3450,4.8331,1.566242e-02,0.0055,4565.62,113049600
3460,4.3453,1.563533e-02,0.0055,4573.11,113377280
3470,4.6175,1.560817e-02,0.0056,4558.79,113704960
3480,4.5685,1.558096e-02,0.0056,4553.79,114032640
3490,4.6408,1.555369e-02,0.0056,4549.71,114360320
3500,4.3143,1.552635e-02,0.0052,25664.66,114688000
3510,4.4324,1.549896e-02,0.0053,4550.24,115015680
3520,4.3202,1.547151e-02,0.0053,4554.04,115343360
3530,4.5942,1.544400e-02,0.0054,4555.43,115671040
3540,4.3357,1.541643e-02,0.0054,4568.99,115998720
3550,4.5801,1.538880e-02,0.0055,4552.19,116326400
3560,4.6694,1.536111e-02,0.0055,4563.39,116654080
3570,4.8250,1.533337e-02,0.0056,4552.10,116981760
3580,4.4855,1.530557e-02,0.0056,4546.63,117309440
3590,4.5151,1.527771e-02,0.0056,4550.01,117637120
3600,4.7359,1.524979e-02,0.0052,25528.97,117964800
3610,4.5003,1.522182e-02,0.0053,4567.67,118292480
3620,4.4999,1.519379e-02,0.0053,4552.41,118620160
3630,4.4974,1.516571e-02,0.0054,4574.88,118947840
3640,4.9602,1.513757e-02,0.0054,4560.69,119275520
3650,4.3518,1.510938e-02,0.0055,4575.64,119603200
3660,4.4786,1.508113e-02,0.0055,4576.64,119930880
3670,4.6606,1.505282e-02,0.0056,4567.02,120258560
3680,4.5360,1.502446e-02,0.0056,4573.64,120586240
3690,4.6115,1.499605e-02,0.0056,4576.41,120913920
3700,4.1929,1.496759e-02,0.0052,25672.25,121241600
3710,4.3114,1.493907e-02,0.0053,4555.50,121569280
3720,4.7202,1.491049e-02,0.0053,4578.07,121896960
3730,4.6405,1.488187e-02,0.0054,4552.17,122224640
3740,4.6531,1.485319e-02,0.0054,4561.17,122552320
3750,4.5799,1.482446e-02,0.0055,4555.56,122880000
3760,4.7425,1.479568e-02,0.0055,4562.07,123207680
3770,4.6995,1.476684e-02,0.0056,4555.36,123535360
3780,4.5557,1.473796e-02,0.0056,4574.59,123863040
3790,4.7318,1.470902e-02,0.0056,4555.91,124190720
3800,4.4499,1.468004e-02,0.0052,25680.01,124518400
3810,4.4942,1.465100e-02,0.0053,4567.08,124846080
3820,4.3750,1.462191e-02,0.0053,4565.29,125173760
3830,4.5598,1.459278e-02,0.0054,4559.85,125501440
3840,4.2945,1.456359e-02,0.0054,4571.69,125829120
3850,4.4289,1.453435e-02,0.0055,4574.72,126156800
3860,4.5709,1.450507e-02,0.0055,4560.92,126484480
3870,4.6113,1.447574e-02,0.0056,4578.46,126812160
3880,4.8176,1.444636e-02,0.0056,4562.26,127139840
3890,4.5717,1.441693e-02,0.0056,4547.54,127467520
3900,4.3710,1.438745e-02,0.0052,25702.17,127795200
3910,4.3784,1.435793e-02,0.0053,4555.09,128122880
3920,4.7977,1.432836e-02,0.0053,4569.74,128450560
3930,4.5538,1.429875e-02,0.0054,4566.56,128778240
3940,4.2825,1.426908e-02,0.0054,4564.46,129105920
3950,4.4128,1.423938e-02,0.0055,4566.66,129433600
3960,4.1770,1.420962e-02,0.0055,4549.65,129761280
3970,4.7330,1.417982e-02,0.0056,4554.39,130088960
3980,4.7079,1.414998e-02,0.0056,4558.82,130416640
3990,4.6034,1.412009e-02,0.0056,4584.98,130744320
4000,4.6083,1.409016e-02,0.0052,25617.94,131072000
4010,4.5966,1.406018e-02,0.0053,4540.87,131399680
4020,4.3296,1.403016e-02,0.0053,4558.98,131727360
4030,4.4465,1.400010e-02,0.0054,4564.61,132055040
4040,4.3525,1.396999e-02,0.0054,4557.20,132382720
4050,4.6696,1.393984e-02,0.0055,4562.15,132710400
4060,4.3253,1.390965e-02,0.0055,4556.21,133038080
4070,4.4080,1.387942e-02,0.0056,4546.65,133365760
4080,4.6063,1.384914e-02,0.0056,4561.01,133693440
4090,4.4106,1.381882e-02,0.0056,4560.69,134021120
4100,4.4160,1.378847e-02,0.0052,25670.91,134348800
4110,4.5150,1.375807e-02,0.0053,4560.04,134676480
4120,4.7363,1.372763e-02,0.0053,4546.40,135004160
4130,4.7434,1.369715e-02,0.0054,4562.53,135331840
4140,4.4226,1.366663e-02,0.0054,4549.08,135659520
4150,4.4267,1.363608e-02,0.0055,4560.97,135987200
4160,4.6537,1.360548e-02,0.0055,4565.75,136314880
4170,4.4635,1.357484e-02,0.0056,4560.89,136642560
4180,4.4818,1.354417e-02,0.0056,4562.45,136970240
4190,4.5429,1.351346e-02,0.0056,4555.71,137297920
4200,4.5604,1.348271e-02,0.0052,25734.24,137625600
4210,4.4737,1.345192e-02,0.0053,4553.19,137953280
4220,4.4967,1.342110e-02,0.0053,4563.36,138280960
4230,4.4515,1.339024e-02,0.0054,4568.57,138608640
4240,4.3837,1.335934e-02,0.0054,4554.14,138936320
4250,4.5450,1.332841e-02,0.0055,4556.36,139264000
4260,4.6305,1.329744e-02,0.0055,4571.84,139591680
4270,4.9604,1.326644e-02,0.0056,4556.21,139919360
4280,4.1170,1.323540e-02,0.0056,4556.17,140247040
4290,4.4471,1.320432e-02,0.0056,4551.20,140574720
4300,4.5902,1.317322e-02,0.0052,25219.00,140902400
4310,4.7386,1.314208e-02,0.0053,4555.28,141230080
4320,4.5309,1.311090e-02,0.0053,4568.46,141557760
4330,4.5365,1.307969e-02,0.0054,4567.71,141885440
4340,4.3337,1.304845e-02,0.0054,4566.39,142213120
4350,4.4283,1.301717e-02,0.0055,4556.72,142540800
4360,4.5326,1.298587e-02,0.0055,4561.30,142868480
4370,4.5864,1.295453e-02,0.0056,4562.50,143196160
4380,4.4441,1.292316e-02,0.0056,4569.48,143523840
4390,4.6618,1.289176e-02,0.0056,4552.77,143851520
4400,4.0821,1.286032e-02,0.0052,25718.80,144179200
4410,4.5103,1.282886e-02,0.0053,4577.13,144506880
4420,4.2683,1.279737e-02,0.0053,4553.76,144834560
4430,4.6232,1.276584e-02,0.0054,4575.01,145162240
4440,4.5865,1.273429e-02,0.0054,4544.97,145489920
4450,4.6007,1.270271e-02,0.0055,4554.79,145817600
4460,4.4053,1.267109e-02,0.0055,4566.47,146145280
4470,4.4636,1.263945e-02,0.0056,4540.69,146472960
4480,4.4384,1.260779e-02,0.0056,4572.37,146800640
4490,4.4997,1.257609e-02,0.0056,4550.22,147128320
4500,4.5127,1.254437e-02,0.0052,25803.95,147456000
4510,4.0662,1.251261e-02,0.0053,4561.52,147783680
4520,4.2306,1.248084e-02,0.0053,4556.52,148111360
4530,4.0297,1.244903e-02,0.0054,4567.03,148439040
4540,4.4962,1.241720e-02,0.0054,4560.64,148766720
4550,4.2001,1.238535e-02,0.0055,4564.76,149094400
4560,4.5472,1.235346e-02,0.0055,4546.69,149422080
4570,4.4457,1.232156e-02,0.0056,4549.95,149749760
4580,4.5763,1.228962e-02,0.0056,4533.69,150077440
4590,4.5478,1.225767e-02,0.0056,4544.45,150405120
4600,4.5820,1.222569e-02,0.0052,25721.51,150732800
4610,4.5843,1.219368e-02,0.0053,4564.72,151060480
4620,4.2108,1.216166e-02,0.0053,4570.51,151388160
4630,3.9208,1.212961e-02,0.0054,4555.04,151715840
4640,4.3439,1.209753e-02,0.0054,4542.10,152043520
4650,4.4334,1.206544e-02,0.0055,4553.09,152371200
4660,4.3832,1.203332e-02,0.0055,4572.97,152698880
4670,4.2920,1.200118e-02,0.0056,4569.45,153026560
4680,4.7002,1.196902e-02,0.0056,4561.02,153354240
4690,4.7122,1.193684e-02,0.0056,4574.89,153681920
4700,4.2483,1.190463e-02,0.0052,25865.36,154009600
4710,4.3355,1.187241e-02,0.0053,4576.79,154337280
4720,4.5013,1.184017e-02,0.0053,4558.03,154664960
4730,4.5814,1.180791e-02,0.0054,4548.17,154992640
4740,4.5084,1.177563e-02,0.0054,4566.10,155320320
4750,4.2866,1.174333e-02,0.0055,4556.90,155648000
4760,4.3057,1.171101e-02,0.0055,4552.26,155975680
4770,4.4031,1.167867e-02,0.0056,4564.45,156303360
4780,5.3673,1.164631e-02,0.0056,4553.50,156631040
4790,4.2111,1.161394e-02,0.0056,4551.69,156958720
4800,4.5983,1.158155e-02,0.0052,25830.53,157286400
4810,4.4847,1.154915e-02,0.0053,4557.20,157614080
4820,4.4366,1.151672e-02,0.0053,4566.31,157941760
4830,4.3857,1.148428e-02,0.0054,4549.30,158269440
4840,4.4280,1.145183e-02,0.0054,4547.08,158597120
4850,4.8925,1.141936e-02,0.0055,4551.25,158924800
4860,4.5689,1.138688e-02,0.0055,4561.59,159252480
4870,4.3207,1.135438e-02,0.0056,4569.93,159580160
4880,4.2642,1.132186e-02,0.0056,4554.14,159907840
4890,4.4690,1.128933e-02,0.0056,4547.97,160235520
4900,4.3881,1.125679e-02,0.0052,25907.26,160563200
4910,3.8867,1.122424e-02,0.0053,4579.07,160890880
4920,4.1973,1.119167e-02,0.0053,4532.06,161218560
4930,4.3213,1.115909e-02,0.0054,4552.72,161546240
4940,4.3079,1.112650e-02,0.0054,4556.52,161873920
4950,4.2215,1.109389e-02,0.0055,4554.15,162201600
4960,4.3404,1.106128e-02,0.0055,4557.17,162529280
4970,4.3228,1.102865e-02,0.0056,4561.62,162856960
4980,4.5434,1.099601e-02,0.0056,4560.49,163184640
4990,4.2129,1.096336e-02,0.0056,4555.57,163512320
5000,4.2237,1.093070e-02,0.0052,25779.71,163840000
5010,4.4227,1.089804e-02,0.0053,4556.71,164167680
5020,4.6871,1.086536e-02,0.0053,4544.53,164495360
5030,4.5794,1.083267e-02,0.0054,4547.60,164823040
5040,4.1870,1.079998e-02,0.0054,4548.44,165150720
5050,4.5368,1.076727e-02,0.0055,4546.53,165478400
5060,4.4196,1.073456e-02,0.0055,4553.67,165806080
5070,4.3661,1.070184e-02,0.0056,4552.56,166133760
5080,4.1310,1.066911e-02,0.0056,4566.53,166461440
5090,4.4868,1.063638e-02,0.0056,4554.67,166789120
5100,4.5681,1.060364e-02,0.0052,25743.09,167116800
5110,4.1178,1.057089e-02,0.0053,4565.99,167444480
5120,4.5070,1.053814e-02,0.0053,4570.29,167772160
5130,4.2958,1.050538e-02,0.0054,4551.23,168099840
5140,4.3679,1.047262e-02,0.0054,4552.32,168427520
5150,4.3480,1.043985e-02,0.0055,4546.95,168755200
5160,4.3049,1.040708e-02,0.0055,4543.15,169082880
5170,4.3637,1.037431e-02,0.0056,4564.97,169410560
5180,4.3119,1.034153e-02,0.0056,4577.98,169738240
5190,4.6809,1.030874e-02,0.0056,4544.69,170065920
5200,4.6455,1.027596e-02,0.0052,25786.26,170393600
5210,4.5875,1.024317e-02,0.0053,4576.47,170721280
5220,4.6421,1.021038e-02,0.0053,4568.77,171048960
5230,4.3700,1.017758e-02,0.0054,4554.44,171376640
5240,4.3245,1.014479e-02,0.0054,4551.34,171704320
5250,4.5617,1.011199e-02,0.0055,4565.88,172032000
5260,4.4113,1.007920e-02,0.0055,4567.96,172359680
5270,4.3466,1.004640e-02,0.0056,4550.21,172687360
5280,4.2367,1.001360e-02,0.0056,4547.60,173015040
5290,4.1489,9.980804e-03,0.0056,4546.80,173342720
5300,4.6820,9.948007e-03,0.0052,25193.04,173670400
5310,4.2708,9.915211e-03,0.0053,4567.41,173998080
5320,4.3422,9.882416e-03,0.0053,4566.07,174325760
5330,4.1728,9.849623e-03,0.0054,4567.66,174653440
5340,4.4280,9.816832e-03,0.0054,4559.73,174981120
5350,4.5408,9.784043e-03,0.0055,4566.90,175308800
5360,4.4521,9.751257e-03,0.0055,4563.64,175636480
5370,4.4669,9.718474e-03,0.0056,4550.70,175964160
5380,4.2125,9.685694e-03,0.0056,4542.27,176291840
5390,4.0497,9.652918e-03,0.0056,4566.31,176619520
5400,4.4508,9.620146e-03,0.0052,25110.39,176947200
5410,4.4830,9.587378e-03,0.0053,4555.86,177274880
5420,4.2832,9.554616e-03,0.0053,4549.27,177602560
5430,4.4322,9.521858e-03,0.0054,4557.37,177930240
5440,4.6360,9.489106e-03,0.0054,4556.39,178257920
5450,4.5243,9.456360e-03,0.0055,4559.06,178585600
5460,4.6737,9.423619e-03,0.0055,4552.06,178913280
5470,4.4610,9.390886e-03,0.0056,4564.43,179240960
5480,4.1866,9.358159e-03,0.0056,4566.24,179568640
5490,4.4938,9.325440e-03,0.0056,4578.34,179896320
5500,4.0853,9.292728e-03,0.0052,25772.45,180224000
5510,4.2380,9.260025e-03,0.0053,4539.39,180551680
5520,4.0371,9.227329e-03,0.0053,4558.54,180879360
5530,4.2862,9.194642e-03,0.0054,4565.96,181207040
5540,4.2983,9.161965e-03,0.0054,4553.14,181534720
5550,4.3517,9.129297e-03,0.0055,4554.52,181862400
5560,4.4189,9.096638e-03,0.0055,4550.38,182190080
5570,4.1292,9.063990e-03,0.0056,4572.97,182517760
5580,4.3479,9.031352e-03,0.0056,4541.92,182845440
5590,4.4598,8.998724e-03,0.0056,4549.63,183173120
5600,4.3273,8.966108e-03,0.0052,25634.09,183500800
5610,4.2982,8.933504e-03,0.0053,4546.24,183828480
5620,4.6443,8.900911e-03,0.0053,4555.89,184156160
5630,4.0414,8.868331e-03,0.0054,4576.43,184483840
5640,4.0646,8.835763e-03,0.0054,4554.23,184811520
5650,4.4278,8.803208e-03,0.0055,4549.11,185139200
5660,4.1927,8.770667e-03,0.0055,4564.74,185466880
5670,4.4942,8.738139e-03,0.0056,4553.22,185794560
5680,4.0588,8.705625e-03,0.0056,4568.96,186122240
5690,4.0145,8.673125e-03,0.0056,4553.85,186449920
5700,4.4093,8.640640e-03,0.0052,25232.85,186777600
5710,4.5108,8.608170e-03,0.0053,4554.53,187105280
5720,4.3513,8.575715e-03,0.0053,4551.19,187432960
5730,4.0851,8.543276e-03,0.0054,4552.44,187760640
5740,4.1779,8.510854e-03,0.0054,4556.05,188088320
5750,4.1305,8.478447e-03,0.0055,4558.76,188416000
5760,4.4363,8.446058e-03,0.0055,4550.97,188743680
5770,4.4881,8.413685e-03,0.0056,4547.94,189071360
5780,4.3144,8.381331e-03,0.0056,4556.43,189399040
5790,4.3413,8.348993e-03,0.0057,4547.48,189726720
5800,4.2163,8.316675e-03,0.0052,25659.77,190054400
5810,4.0057,8.284374e-03,0.0053,4555.92,190382080
5820,3.9229,8.252093e-03,0.0053,4555.10,190709760
5830,4.5993,8.219831e-03,0.0054,4553.73,191037440
5840,4.1417,8.187588e-03,0.0054,4563.65,191365120
5850,4.3158,8.155365e-03,0.0055,4545.49,191692800
5860,4.2126,8.123163e-03,0.0055,4553.56,192020480
5870,3.7493,8.090981e-03,0.0056,4564.30,192348160
5880,4.0071,8.058820e-03,0.0056,4557.28,192675840
5890,4.5815,8.026681e-03,0.0056,4554.40,193003520
5900,4.5988,7.994563e-03,0.0052,25203.70,193331200
5910,4.4791,7.962468e-03,0.0053,4550.21,193658880
5920,4.1991,7.930394e-03,0.0053,4554.62,193986560
5930,4.2302,7.898344e-03,0.0054,4563.02,194314240
5940,4.2357,7.866316e-03,0.0054,4550.99,194641920
5950,4.4660,7.834312e-03,0.0055,4557.69,194969600
5960,4.2699,7.802331e-03,0.0055,4538.00,195297280
5970,4.2358,7.770375e-03,0.0056,4553.16,195624960
5980,4.1292,7.738443e-03,0.0056,4552.70,195952640
5990,4.2479,7.706536e-03,0.0057,4549.14,196280320
6000,4.3021,7.674654e-03,0.0052,25555.68,196608000
6010,4.2801,7.642798e-03,0.0053,4559.40,196935680
6020,4.1667,7.610967e-03,0.0053,4557.08,197263360
6030,3.7109,7.579163e-03,0.0054,4567.71,197591040
6040,4.1220,7.547385e-03,0.0054,4566.11,197918720
6050,4.4940,7.515634e-03,0.0055,4556.31,198246400
6060,4.1220,7.483910e-03,0.0055,4554.35,198574080
6070,4.1043,7.452214e-03,0.0056,4548.25,198901760
6080,4.2987,7.420546e-03,0.0056,4545.14,199229440
6090,4.1581,7.388906e-03,0.0056,4560.11,199557120
6100,4.1185,7.357294e-03,0.0052,25806.94,199884800
6110,4.6530,7.325712e-03,0.0053,4547.45,200212480
6120,4.2632,7.294158e-03,0.0053,4545.91,200540160
6130,4.3083,7.262635e-03,0.0054,4567.59,200867840
6140,4.1187,7.231141e-03,0.0054,4567.32,201195520
6150,4.5372,7.199677e-03,0.0055,4558.78,201523200
6160,4.0703,7.168244e-03,0.0055,4561.20,201850880
6170,3.9926,7.136843e-03,0.0056,4568.49,202178560
6180,3.9610,7.105472e-03,0.0056,4557.01,202506240
6190,3.9164,7.074133e-03,0.0056,4555.72,202833920
6200,4.1368,7.042826e-03,0.0052,25823.18,203161600
6210,4.1288,7.011551e-03,0.0053,4546.62,203489280
6220,4.0147,6.980310e-03,0.0053,4544.38,203816960
6230,4.1379,6.949101e-03,0.0054,4551.98,204144640
6240,4.1348,6.917925e-03,0.0054,4548.20,204472320
6250,3.9910,6.886783e-03,0.0055,4554.01,204800000
6260,4.4341,6.855675e-03,0.0055,4555.08,205127680
6270,4.2236,6.824602e-03,0.0056,4548.62,205455360
6280,4.2471,6.793563e-03,0.0056,4546.25,205783040
6290,4.3450,6.762559e-03,0.0057,4555.81,206110720
6300,4.2192,6.731590e-03,0.0052,25664.15,206438400
6310,4.0309,6.700657e-03,0.0053,4544.40,206766080
6320,3.9606,6.669761e-03,0.0053,4557.35,207093760
6330,4.2014,6.638900e-03,0.0054,4550.37,207421440
6340,4.3042,6.608077e-03,0.0054,4557.03,207749120
6350,4.1883,6.577290e-03,0.0055,4548.13,208076800
6360,4.5659,6.546541e-03,0.0055,4550.81,208404480
6370,4.0406,6.515829e-03,0.0056,4540.20,208732160
6380,4.0606,6.485155e-03,0.0056,4550.14,209059840
6390,4.2492,6.454520e-03,0.0057,4552.40,209387520
6400,4.2713,6.423924e-03,0.0052,25167.87,209715200
6410,4.1087,6.393366e-03,0.0053,4549.35,210042880
6420,4.3491,6.362848e-03,0.0053,4561.29,210370560
6430,4.2917,6.332369e-03,0.0054,4556.52,210698240
6440,4.3456,6.301931e-03,0.0055,4552.30,211025920
6450,4.1413,6.271533e-03,0.0055,4545.50,211353600
6460,4.2314,6.241175e-03,0.0055,4549.33,211681280
6470,4.0211,6.210859e-03,0.0056,4550.72,212008960
6480,3.9774,6.180584e-03,0.0056,4555.83,212336640
6490,4.3509,6.150350e-03,0.0057,4547.16,212664320
6500,4.4221,6.120159e-03,0.0052,25645.92,212992000
6510,4.3449,6.090010e-03,0.0053,4569.66,213319680
6520,4.0592,6.059903e-03,0.0053,4544.87,213647360
6530,3.9404,6.029840e-03,0.0054,4555.33,213975040
6540,4.0987,5.999819e-03,0.0055,4550.67,214302720
6550,3.9484,5.969843e-03,0.0055,4560.85,214630400
6560,3.7965,5.939910e-03,0.0055,4553.38,214958080
6570,4.2597,5.910021e-03,0.0056,4552.53,215285760
6580,4.3182,5.880178e-03,0.0056,4545.31,215613440
6590,4.0722,5.850379e-03,0.0057,4554.59,215941120
6600,4.0060,5.820625e-03,0.0052,25151.01,216268800
6610,4.5069,5.790917e-03,0.0053,4550.85,216596480
6620,4.4413,5.761254e-03,0.0053,4535.90,216924160
6630,4.2088,5.731638e-03,0.0054,4557.81,217251840
6640,4.1476,5.702069e-03,0.0055,4548.83,217579520
6650,4.1103,5.672546e-03,0.0055,4551.53,217907200
6660,4.3927,5.643070e-03,0.0055,4555.93,218234880
6670,3.9304,5.613642e-03,0.0056,4551.91,218562560
6680,4.1747,5.584262e-03,0.0056,4569.06,218890240
6690,3.9692,5.554929e-03,0.0057,4554.40,219217920
6700,4.2393,5.525646e-03,0.0052,25128.33,219545600
6710,3.9103,5.496411e-03,0.0053,4565.24,219873280
6720,4.1522,5.467225e-03,0.0053,4557.21,220200960
6730,4.0858,5.438088e-03,0.0054,4553.06,220528640
6740,3.9716,5.409001e-03,0.0055,4550.25,220856320
6750,4.1316,5.379964e-03,0.0055,4567.08,221184000
6760,4.0784,5.350977e-03,0.0055,4558.08,221511680
6770,3.8274,5.322041e-03,0.0056,4563.67,221839360
6780,4.2578,5.293156e-03,0.0056,4559.37,222167040
6790,4.1944,5.264323e-03,0.0056,4544.19,222494720
6800,3.7558,5.235540e-03,0.0052,25617.55,222822400
6810,3.9682,5.206810e-03,0.0053,4563.13,223150080
6820,4.2145,5.178132e-03,0.0053,4560.79,223477760
6830,3.8156,5.149506e-03,0.0054,4548.08,223805440
6840,4.2241,5.120934e-03,0.0054,4557.07,224133120
6850,4.2289,5.092414e-03,0.0055,4546.87,224460800
6860,4.2622,5.063948e-03,0.0055,4556.61,224788480
6870,4.4113,5.035535e-03,0.0056,4548.06,225116160
6880,3.9472,5.007177e-03,0.0056,4548.14,225443840
6890,3.9483,4.978873e-03,0.0056,4570.58,225771520
6900,4.0850,4.950623e-03,0.0052,25709.01,226099200
6910,4.0030,4.922429e-03,0.0053,4553.30,226426880
6920,4.4427,4.894289e-03,0.0053,4551.93,226754560
6930,4.4299,4.866206e-03,0.0054,4557.33,227082240
6940,3.9956,4.838178e-03,0.0054,4566.44,227409920
6950,3.7342,4.810207e-03,0.0055,4544.83,227737600
6960,4.0745,4.782292e-03,0.0055,4545.02,228065280
6970,4.3911,4.754433e-03,0.0056,4550.08,228392960
6980,4.0351,4.726632e-03,0.0056,4547.43,228720640
6990,4.0662,4.698888e-03,0.0057,4560.45,229048320
7000,4.1677,4.671202e-03,0.0052,25752.83,229376000
7010,3.8766,4.643574e-03,0.0053,4565.15,229703680
7020,3.9609,4.616004e-03,0.0053,4567.03,230031360
7030,3.7028,4.588493e-03,0.0054,4573.25,230359040
7040,4.4946,4.561041e-03,0.0054,4553.93,230686720
7050,4.1434,4.533647e-03,0.0055,4562.64,231014400
7060,3.9229,4.506314e-03,0.0055,4551.24,231342080
7070,4.0004,4.479040e-03,0.0056,4556.81,231669760
7080,4.0855,4.451826e-03,0.0056,4551.23,231997440
7090,4.0229,4.424672e-03,0.0056,4549.22,232325120
7100,3.9181,4.397580e-03,0.0052,25833.42,232652800
7110,4.0516,4.370548e-03,0.0053,4570.46,232980480
7120,4.2658,4.343577e-03,0.0053,4550.08,233308160
7130,3.8318,4.316668e-03,0.0054,4557.84,233635840
7140,3.9615,4.289821e-03,0.0054,4555.74,233963520
7150,4.2275,4.263036e-03,0.0055,4573.95,234291200
7160,3.7026,4.236313e-03,0.0055,4551.40,234618880
7170,4.4512,4.209653e-03,0.0056,4552.40,234946560
7180,4.1791,4.183056e-03,0.0056,4569.52,235274240
7190,4.0627,4.156522e-03,0.0056,4548.86,235601920
7200,4.0859,4.130052e-03,0.0052,25726.07,235929600
7210,4.3744,4.103645e-03,0.0053,4568.64,236257280
7220,4.3518,4.077303e-03,0.0053,4561.82,236584960
7230,4.0357,4.051025e-03,0.0054,4540.24,236912640
7240,3.7136,4.024812e-03,0.0054,4555.21,237240320
7250,4.1122,3.998664e-03,0.0055,4563.12,237568000
7260,4.2736,3.972581e-03,0.0055,4551.00,237895680
7270,4.0536,3.946564e-03,0.0056,4578.57,238223360
7280,4.1657,3.920613e-03,0.0056,4548.85,238551040
7290,3.8339,3.894727e-03,0.0056,4565.15,238878720
7300,4.1726,3.868908e-03,0.0052,25173.28,239206400
7310,3.9939,3.843156e-03,0.0053,4556.41,239534080
7320,3.9882,3.817471e-03,0.0053,4567.31,239861760
7330,3.9861,3.791852e-03,0.0054,4555.54,240189440
7340,4.0999,3.766302e-03,0.0054,4564.12,240517120
7350,4.0689,3.740819e-03,0.0055,4550.37,240844800
7360,3.8497,3.715404e-03,0.0055,4551.07,241172480
7370,4.0972,3.690058e-03,0.0056,4554.96,241500160
7380,4.1416,3.664780e-03,0.0056,4556.55,241827840
7390,4.0921,3.639571e-03,0.0056,4546.31,242155520
7400,3.9525,3.614431e-03,0.0052,25622.97,242483200
7410,4.1537,3.589361e-03,0.0053,4550.56,242810880
7420,4.2975,3.564360e-03,0.0053,4545.96,243138560
7430,4.0264,3.539429e-03,0.0054,4565.09,243466240
7440,4.1394,3.514569e-03,0.0054,4566.95,243793920
7450,4.3852,3.489779e-03,0.0055,4552.09,244121600
7460,3.9508,3.465060e-03,0.0055,4558.52,244449280
7470,3.9979,3.440412e-03,0.0056,4543.32,244776960
7480,3.8809,3.415835e-03,0.0056,4550.75,245104640
7490,4.1073,3.391330e-03,0.0057,4544.97,245432320
7500,3.8290,3.366896e-03,0.0052,25620.02,245760000
7510,4.1562,3.342535e-03,0.0053,4550.70,246087680
7520,4.1800,3.318246e-03,0.0053,4551.16,246415360
7530,3.8920,3.294030e-03,0.0054,4546.01,246743040
7540,4.0497,3.269886e-03,0.0055,4548.78,247070720
7550,4.1295,3.245816e-03,0.0055,4549.35,247398400
7560,4.1753,3.221819e-03,0.0055,4561.51,247726080
7570,4.0221,3.197896e-03,0.0056,4548.94,248053760
7580,3.8762,3.174047e-03,0.0056,4556.32,248381440
7590,3.9349,3.150272e-03,0.0057,4559.72,248709120
7600,4.1573,3.126571e-03,0.0052,25698.53,249036800
7610,3.9656,3.102945e-03,0.0053,4546.62,249364480
7620,3.9803,3.079395e-03,0.0053,4551.88,249692160
7630,3.8310,3.055919e-03,0.0054,4564.53,250019840
7640,4.1229,3.032519e-03,0.0054,4552.11,250347520
7650,4.0998,3.009194e-03,0.0055,4553.66,250675200
7660,3.8240,2.985946e-03,0.0055,4554.96,251002880
7670,4.0745,2.962773e-03,0.0056,4551.91,251330560
7680,4.1555,2.939678e-03,0.0056,4562.22,251658240
7690,3.9204,2.916658e-03,0.0057,4539.93,251985920
7700,4.1048,2.893716e-03,0.0052,25202.15,252313600
7710,4.1989,2.870851e-03,0.0053,4559.43,252641280
7720,4.0309,2.848064e-03,0.0053,4547.70,252968960
7730,3.7441,2.825354e-03,0.0054,4554.79,253296640
7740,4.2596,2.802723e-03,0.0055,4549.94,253624320
7750,4.2965,2.780169e-03,0.0055,4554.47,253952000
7760,4.0041,2.757694e-03,0.0055,4553.86,254279680
7770,3.9672,2.735298e-03,0.0056,4555.66,254607360
7780,4.3726,2.712980e-03,0.0056,4542.98,254935040
7790,3.9229,2.690742e-03,0.0057,4562.60,255262720
7800,4.1449,2.668583e-03,0.0052,25702.47,255590400
7810,4.1729,2.646504e-03,0.0053,4566.74,255918080
7820,3.8081,2.624505e-03,0.0053,4560.64,256245760
7830,3.8049,2.602586e-03,0.0054,4572.05,256573440
7840,3.9777,2.580747e-03,0.0054,4568.69,256901120
7850,4.1816,2.558989e-03,0.0055,4553.06,257228800
7860,4.1250,2.537312e-03,0.0055,4550.55,257556480
7870,4.3339,2.515715e-03,0.0056,4574.78,257884160
7880,3.6203,2.494201e-03,0.0056,4567.39,258211840
7890,3.9968,2.472767e-03,0.0056,4548.99,258539520
7900,3.8898,2.451416e-03,0.0052,25688.38,258867200
7910,4.1068,2.430146e-03,0.0053,4557.65,259194880
7920,3.9304,2.408959e-03,0.0053,4556.46,259522560
7930,3.9433,2.387854e-03,0.0054,4550.99,259850240
7940,3.8923,2.366832e-03,0.0054,4561.63,260177920
7950,3.9903,2.345893e-03,0.0055,4561.07,260505600
7960,3.9987,2.325037e-03,0.0055,4561.44,260833280
7970,3.7831,2.304264e-03,0.0056,4562.51,261160960
7980,4.1771,2.283575e-03,0.0056,4558.33,261488640
7990,4.1864,2.262970e-03,0.0056,4555.48,261816320
8000,3.8278,2.242449e-03,0.0052,25713.35,262144000
8010,4.0182,2.222012e-03,0.0053,4566.86,262471680
8020,3.7399,2.201659e-03,0.0053,4563.65,262799360
8030,4.1357,2.181392e-03,0.0054,4554.53,263127040
8040,3.6558,2.161209e-03,0.0054,4563.16,263454720
8050,4.1365,2.141111e-03,0.0055,4546.55,263782400
8060,3.8262,2.121099e-03,0.0055,4553.49,264110080
8070,3.8929,2.101173e-03,0.0056,4557.75,264437760
8080,3.8555,2.081332e-03,0.0056,4556.68,264765440
8090,4.3015,2.061577e-03,0.0056,4550.13,265093120
8100,4.1563,2.041908e-03,0.0052,25182.77,265420800
8110,4.1375,2.022326e-03,0.0053,4560.76,265748480
8120,4.0044,2.002831e-03,0.0053,4563.09,266076160
8130,3.7423,1.983422e-03,0.0054,4560.27,266403840
8140,3.9615,1.964101e-03,0.0054,4561.64,266731520
8150,4.2382,1.944866e-03,0.0055,4558.35,267059200
8160,4.0028,1.925720e-03,0.0055,4549.97,267386880
8170,3.8651,1.906661e-03,0.0056,4570.18,267714560
8180,3.5574,1.887689e-03,0.0056,4558.76,268042240
